{"layout":"col-2cr","body_boxed":"no","body_max_width":"1230","main_full_width":"no","main_space":{"top":"","bottom":""},"backtotop_btn":"no","body_background":{"image":"","repeat":"repeat","position":"left top","attachment":"","size":"","color":""},"body_boxed_background":{"image":"","repeat":"repeat","position":"left top","attachment":"","size":"","color":""},"text_color":"#535353","heading_color":"#2f2f2f","primary_color":"#11CCD3","secondary_color":"#2f2f2f","three_color":"#a3a3a3","border_color":"#e8e8e8","page_loading_animation":"on","page_loading_style":"3","page_loading_custom":"","body_font_size":"14px","font_source":"1","main_font":{"family":"Poppins","variant":["300","regular","500","600","700"],"font":"google"},"secondary_font":{"family":"Poppins","variant":["regular"],"font":"google"},"highlight_font":{"family":"Playfair Display","variant":["regular","italic"],"font":"google"},"font_google_code":"","main_google_font_face":"","secondary_google_font_face":"","highlight_google_font_face":"","font_typekit_kit_id":"","main_typekit_font_face":"","secondary_typekit_font_face":"","highlight_typekit_font_face":"","header_transparency":"no","header_sticky":"no","enable_header_mb_footer_bar":"no","enable_header_mb_footer_bar_sticky":"always","page_title_bar_layout":"1","enable_page_title_subtext":"no","page_title_custom_subtext":"","page_title_font_size":{"xlg":"","lg":"","md":"","sm":"","xs":"","mb":""},"page_title_bar_background":{"image":"","repeat":"repeat","position":"left top","attachment":"","size":"","color":""},"page_title_bar_heading_color":"#262626","page_title_bar_text_color":"rgba(0,0,0,0.7)","page_title_bar_link_color":"rgba(0,0,0,0.7)","page_title_bar_link_hover_color":"#cf987e","page_title_bar_spacing":{"top":"20","bottom":"20"},"page_title_bar_spacing_desktop_small":{"top":"40","bottom":"40"},"page_title_bar_spacing_tablet":{"top":"25","bottom":"25"},"page_title_bar_spacing_mobile":{"top":"25","bottom":"25"},"woo_override_page_title_bar":"on","woo_page_title_bar_layout":"1","woo_page_title_font_size":{"xlg":"","lg":"","md":"","sm":"","xs":"","mb":""},"woo_page_title_bar_background":{"image":"https:\/\/draven.la-studioweb.com\/wp-content\/uploads\/2018\/12\/shop-page-title-bg.jpg","repeat":"no-repeat","position":"left top","attachment":"","size":"cover","color":""},"woo_page_title_bar_heading_color":"#ffffff","woo_page_title_bar_text_color":"#ffffff","woo_page_title_bar_link_color":"#ffffff","woo_page_title_bar_link_hover_color":"","woo_page_title_bar_spacing":{"top":"220","bottom":"120"},"woo_page_title_bar_spacing_desktop_small":{"top":"220","bottom":"120"},"woo_page_title_bar_spacing_tablet":{"top":"150","bottom":"40"},"woo_page_title_bar_spacing_mobile":{"top":"120","bottom":"40"},"single_post_override_page_title_bar":"on","single_post_page_title_bar_layout":"hide","single_post_page_title_font_size":{"xlg":"","lg":"","md":"","sm":"","xs":"","mb":""},"single_post_page_title_bar_background":{"image":"","repeat":"repeat","position":"left top","attachment":"","size":"","color":""},"single_post_page_title_bar_heading_color":"","single_post_page_title_bar_text_color":"","single_post_page_title_bar_link_color":"","single_post_page_title_bar_link_hover_color":"","single_post_page_title_bar_spacing":{"top":"","bottom":""},"single_post_page_title_bar_spacing_desktop_small":{"top":"","bottom":""},"single_post_page_title_bar_spacing_tablet":{"top":"","bottom":""},"single_post_page_title_bar_spacing_mobile":{"top":"","bottom":""},"single_product_override_page_title_bar":"on","single_product_page_title_bar_layout":"1","single_product_page_title_font_size":{"xlg":"","lg":"","md":"","sm":"","xs":"","mb":""},"single_product_page_title_bar_background":{"image":"https:\/\/draven.la-studioweb.com\/wp-content\/uploads\/2018\/12\/woo-single-bg.jpg","repeat":"no-repeat","position":"center center","attachment":"","size":"cover","color":""},"single_product_page_title_bar_heading_color":"#ffffff","single_product_page_title_bar_text_color":"","single_product_page_title_bar_link_color":"","single_product_page_title_bar_link_hover_color":"","single_product_page_title_bar_spacing":{"top":"100","bottom":"120"},"single_product_page_title_bar_spacing_desktop_small":{"top":"80","bottom":"90"},"single_product_page_title_bar_spacing_tablet":{"top":"50","bottom":"50"},"single_product_page_title_bar_spacing_mobile":{"top":"40","bottom":"40"},"layout_blog":"col-2cr","blog_small_layout":"off","page_title_bar_layout_blog_global":"on","blog_design":"grid_3","blog_post_column":{"xlg":"1","lg":"1","md":"1","sm":"1","xs":"1","mb":"1"},"blog_item_space":"default","featured_images_blog":"on","blog_thumbnail_height_mode":"16-9","blog_thumbnail_height_custom":"50%","blog_thumbnail_size":"870x490","blog_content_display":"excerpt","blog_excerpt_length":"25","blog_masonry":"off","blog_pagination_type":"pagination","layout_single_post":"inherit","single_small_layout":"off","featured_images_single":"on","blog_pn_nav":"on","blog_post_title":"above","blog_author_info":"off","blog_social_sharing_box":"on","blog_related_posts":"on","blog_related_design":"1","blog_related_by":"random","blog_related_max_post":"2","blog_comments":"on","layout_archive_product":"col-2cr","main_full_width_archive_product":"yes","main_space_archive_product":{"top":"","bottom":""},"catalog_mode":"off","catalog_mode_price":"off","active_shop_filter":"on","hide_shop_toolbar":"off","woocommerce_toggle_grid_list":"on","shop_catalog_display_type":"grid","shop_catalog_grid_style":"2","active_shop_masonry":"off","shop_masonry_column_type":"default","product_masonry_container_width":"1170","product_masonry_image_size":"shop_catalog","product_masonry_item_width":"270","product_masonry_item_height":"390","woocommerce_shop_page_columns":{"xlg":"3","lg":"3","md":"2","sm":"2","xs":"1","mb":"1"},"woocommerce_shop_masonry_columns":{"xlg":"4","lg":"4","md":"3","sm":"2","xs":"1","mb":"1"},"woocommerce_shop_masonry_custom_columns":{"md":"3","sm":"2","xs":"1","mb":"1"},"enable_shop_masonry_custom_setting":"off","shop_masonry_item_setting":[{"size_name":"1x Width + 1x Height","w":"0.5","h":"0.5"}],"shop_item_space":"default","product_per_page_allow":"6,12,16","product_per_page_default":"12","woocommerce_pagination_type":"pagination","woocommerce_load_more_text":"Load More Products","woocommerce_enable_crossfade_effect":"on","woocommerce_show_rating_on_catalog":"off","woocommerce_show_addcart_btn":"on","woocommerce_show_quickview_btn":"on","woocommerce_show_wishlist_btn":"on","woocommerce_show_compare_btn":"on","layout_single_product":"col-1c","main_full_width_single_product":"inherit","main_space_single_product":{"top":"","bottom":""},"woocommerce_product_page_design":"2","single_ajax_add_cart":"yes","move_woo_tabs_to_bottom":"yes","woocommerce_gallery_zoom":"yes","woocommerce_gallery_lightbox":"yes","product_single_hide_breadcrumb":"yes","product_single_hide_page_title":"no","product_single_hide_product_title":"no","product_gallery_column":{"xlg":"3","lg":"3","md":"3","sm":"5","xs":"4","mb":"3"},"product_sharing":"on","related_products":"on","related_product_title":"Related Products","related_product_subtitle":"","related_products_columns":{"xlg":"4","lg":"4","md":"3","sm":"2","xs":"2","mb":"1"},"upsell_products":"on","upsell_product_title":"Up-Sells Products","upsell_product_subtitle":"","upsell_products_columns":{"xlg":"4","lg":"4","md":"3","sm":"2","xs":"2","mb":"1"},"woo_enable_custom_tab":"off","woo_custom_tab_title":"Shipping &amp; Delivery","woo_custom_tab_content":"Donec accumsan auctor iaculis. Sed suscipit arcu ligula, at egestas magna molestie a. Proin ac ex maximus, ultrices justo eget, sodales orci. Aliquam egestas libero ac turpis pharetra, in vehicula lacus scelerisque. Vestibulum ut sem laoreet, feugiat tellus at, hendrerit arcu.\r\n\r\nNunc lacus elit, faucibus ac laoreet sed, dapibus ac mi. Maecenas eu ante a elit tempus fermentum. Aliquam commodo tincidunt semper. Phasellus accumsan, justo ac mollis pharetra, ex dui pharetra nisl, a scelerisque ipsum nulla ac sem. Cras eu risus urna. Duis lorem sapien, congue eget nisl sit amet, rutrum faucibus elit.","crosssell_products":"on","crosssell_product_title":"Related Products","crosssell_product_subtitle":"","crosssell_products_columns":{"xlg":"4","lg":"4","md":"3","sm":"2","xs":"1","mb":"1"},"social_links":{"1":{"title":"Facebook","icon":"fa fa-facebook","link":"#"},"2":{"title":"Twitter","icon":"fa fa-twitter","link":"#"},"3":{"title":"Pinterest","icon":"fa fa-pinterest-p","link":"#"}},"sharing_facebook":true,"sharing_twitter":true,"sharing_google_plus":true,"sharing_pinterest":true,"la_custom_css":"\n.rev_slider .tp-caption.rev-btn{\n    transition: all .3s !important;\n}\n.rev_slider .tp-caption.rev-btn i {\n    font-size: 40px;\n    font-weight: bold;\n    height: 40px;\n    width: 40px;\n    top: 12px;\n    position: relative;\n    left: -10px;\n}\n\n@media(max-width: 778px){\n.rev_slider .tp-caption.rev-btn i{\n    display: none;\n}\n}\n\n","header_js":"","footer_js":"","404_page_content":"","popup_max_width":"790","popup_max_height":"430","popup_background":{"image":"","repeat":"repeat","position":"left top","attachment":"","size":"","color":""},"newsletter_popup_delay":"2000","popup_dont_show_text":"Do not show popup anymore","newsletter_popup_show_again":"1","newsletter_popup_content":"","enable_maintenance":"no","maintenance_page":"","import":"","header_mb_footer_bar_component":"","pages_global_sidebar":"","posts_global_sidebar":"","blog_archive_global_sidebar":"","sharing_reddit":"","sharing_linkedin":"","sharing_tumblr":"","sharing_line":"","sharing_whatapps":"","sharing_telegram":"","sharing_vk":"","sharing_email":"","enable_newsletter_popup":"","only_show_newsletter_popup_on_home_page":"","disable_popup_on_mobile":"","show_checkbox_hide_newsletter_popup":""}